n_days,time,time_per_day_ms
100,0.0005156993865966797,0.005156993865966797
500,0.0006902217864990234,0.0013804435729980469
1000,0.0010235309600830078,0.0010235309600830078
2000,0.0019054412841796875,0.0009527206420898438
5000,0.007132053375244141,0.0014264106750488282
10000,0.007233142852783203,0.0007233142852783202
