n_stations,n_methods,total_time,time_per_station,time_per_method,throughput
5,3,0.018383264541625977,0.0036766529083251953,0.0012255509694417317,815.9595356980741
10,3,0.026365995407104492,0.0026365995407104494,0.0008788665135701497,1137.8292204327815
25,3,0.05873227119445801,0.00234929084777832,0.0007830969492594401,1276.9810953109713
50,3,0.11106491088867188,0.0022212982177734373,0.0007404327392578125,1350.5615662029882
