n_stations,n_methods,total_time,time_per_station,time_per_method,throughput
5,3,0.022834300994873047,0.004566860198974609,0.0015222867329915365,656.9064673084554
10,3,0.03473520278930664,0.003473520278930664,0.001157840092976888,863.6771226576979
25,3,0.06925082206726074,0.00277003288269043,0.0009233442942301433,1083.019634440661
50,3,0.1286463737487793,0.002572927474975586,0.0008576424916585286,1165.987004755533
