n_days,time,time_per_day_ms
100,0.0005474090576171875,0.005474090576171875
500,0.0007123947143554688,0.0014247894287109375
1000,0.0009531974792480469,0.0009531974792480469
2000,0.0018150806427001953,0.0009075403213500977
5000,0.006486415863037109,0.0012972831726074218
10000,0.008048534393310547,0.0008048534393310546
