n_stations,n_methods,total_time,time_per_station,time_per_method,throughput
5,3,0.022024869918823242,0.004404973983764648,0.001468324661254883,681.0482901958237
10,3,0.03317141532897949,0.0033171415328979493,0.0011057138442993164,904.393125902926
25,3,0.07485771179199219,0.0029943084716796877,0.000998102823893229,1001.9007822253931
50,3,0.14638543128967285,0.002927708625793457,0.0009759028752644856,1024.692134172659
