n_days,time,time_per_day_ms
100,0.0005400180816650391,0.005400180816650391
500,0.0009007453918457031,0.0018014907836914062
1000,0.0013480186462402344,0.0013480186462402344
2000,0.003477334976196289,0.0017386674880981445
5000,0.005453586578369141,0.0010907173156738282
10000,0.011587142944335938,0.0011587142944335938
