,LH,Eckhardt,Chapman,UKIH
Station_0,0.5689348869149915,0.36841900587256377,0.46472083948986115,0.5561271797204268
Station_1,0.496941771327692,0.3136148723329866,0.40874128482431177,0.4918253493603058
Station_2,0.5245232344156939,0.8987704471936646,0.4296132717209449,0.5213041419232246
